onset	duration	trial_type	value	sample
0.0	1.0	bad	1	0
20.0	1.0	bad	1	20000
21.0	1.0	bad	1	21000
22.0	1.0	bad	1	22000
23.0	1.0	bad	1	23000
32.0	1.0	bad	1	32000
33.0	1.0	bad	1	33000
34.0	1.0	bad	1	34000
35.0	1.0	bad	1	35000
36.0	1.0	bad	1	36000
45.0	1.0	bad	1	45000
46.0	1.0	bad	1	46000
52.0	1.0	bad	1	52000
53.0	1.0	bad	1	53000
54.0	1.0	bad	1	54000
74.0	1.0	bad	1	74000
75.0	1.0	bad	1	75000
76.0	1.0	bad	1	76000
78.0	1.0	bad	1	78000
79.0	1.0	bad	1	79000
81.0	1.0	bad	1	81000
82.0	1.0	bad	1	82000
103.0	1.0	bad	1	103000
104.0	1.0	bad	1	104000
106.0	1.0	bad	1	106000
107.0	1.0	bad	1	107000
112.0	1.0	bad	1	112000
113.0	1.0	bad	1	113000
114.0	1.0	bad	1	114000
126.0	1.0	bad	1	126000
127.0	1.0	bad	1	127000
128.0	1.0	bad	1	128000
129.0	1.0	bad	1	129000
130.0	1.0	bad	1	130000
